osm_number,smiles,activity,norm_activity,bin_activity,ec50_qualifier
OSM-A-1,O=C(/C(S/1)=C/C2=C(C)N(C(C)=C2)C3=CC=C(S(=O)(N)=O)C=C3)NC1=N\C4=CC=CC=C4,3.7145,0.2961783439490446,0,
OSM-A-2,O=C(/C(S/1)=C/C2=C(C)N(C(C)=C2)C3=CC=C(C#N)C=C3)NC1=N\C4=CC=CC=C4,1.2015,0.45222929936305734,1,
OSM-A-3,O=C(/C(S/1)=C/C2=C(C)N(C(C)=C2)C3=CC=C(I)C=C3)NC1=N\C4=CC=CC=C4,0.119,0.7961783439490446,1,
OSM-E-15,FC(C(F)=C1)=CC=C1CCOC2=CC=CC3=NN=C(C4=CC=C(C#N)C=C4)N32,3.5,0.3057324840764331,0,
OSM-E-16,ClC(C=CC=C1)=C1CCOC2=CC=CC3=NN=C(C4=CC=C(C#N)C=C4)N32,5.2,0.24203821656050956,0,
OSM-E-17,N#CC(C=C1)=CC=C1C2=NN=C3C=CC=C(OCCC4=CC=CC=C4)N32,6.8,0.21019108280254778,0,
OSM-E-23,OCCCNC1=C2C(C=C(S2)C3=CC(S(=O)(N)=O)=CC=C3)=NC=N1,18.5,0.012738853503184714,0,
OSM-L-1,CC(N1C2=CC(F)=CC=C2)=CC(/C=C(C(N/3C4=CC=CC=C4)=O)\SC3=N/C5=CC=CC=C5)=C1C,3.2,0.31210191082802546,0,
OSM-S-10,FC1=CC=C(N2C(C)=CC(/C=C3S/C(NC\3=O)=N\C4=CC=CC=C4)=C2C)C=C1,0.1925,0.7515923566878981,1,
OSM-S-100,FC1=CC=C(N2C(C)=CC(C(OC(C)C(O)=O)=O)=C2C)C=C1,0.0,0.8821656050955414,1,
OSM-S-101,FC1=CC=C(N2C(C)=CC(C3=NC(C(O)=O)=CO3)=C2C)C=C1,0.0,0.8853503184713376,1,
OSM-S-102,FC1=CC=C(N2C(C)=CC(C(CCC(NC)=O)=O)=C2C)C=C1,0.0,0.8885350318471338,1,
OSM-S-104,FC1=CC=C(N2N=CC(C3=NC(C(O)=O)=CO3)=C2C)C=C1,0.0,0.89171974522293,1,
OSM-S-105,FC1=CC=C(N2N=CC(C3=NC(C(N)=O)=CO3)=C2C)C=C1,0.0,0.8949044585987261,1,
OSM-S-106,NC1=C2C(C=C(C3=CC(S(N)(=O)=O)=CC=C3)S2)=NC=N1,0.077725,0.8312101910828026,1,
OSM-S-108,O=C(/C(S/1)=C/C2=C(C)NC(C)=C2)NC1=N\C3=CC=CC=C3,1.2,0.4554140127388535,1,
OSM-S-109,O=C(/C(S/1)=C/C2=C(C)N(C3=CC=C([N+]([O-])=O)C=C3)C(C)=C2)NC1=N\C4=CC=CC=C4,0.262,0.7261146496815286,1,
OSM-S-110,O=C(/C(S/1)=C/C2=C(C)N(C3=CC=C([N+]([O-])=O)C=C3)C(C)=C2)NC1=N\C4=CC(O)=CC=C4,2.3,0.34394904458598724,1,
OSM-S-111,O=C(/C(S/1)=C/C2=C(C)N(C3=CC=C(OC)C=C3)C(C)=C2)NC1=N\C4=CC=CC=C4,0.1656666667,0.767515923566879,1,
OSM-S-112,O=C(/C(S/1)=C/C2=C(C)N(C3=CC=C(OC)C=C3)C(C)=C2)NC1=N\C4=CC(O)=CC=C4,1.6,0.410828025477707,1,
OSM-S-113,O=C(/C(S/1)=C/C2=C(C)N(C3=CC=CC=N3)C(C)=C2)NC1=N\C4=CC=C(O)C=C4,0.0,0.8980891719745223,1,
OSM-S-114,O=C(/C(S/1)=C/C2=C(C)N(C3=CC=CC=C3)C(C)=C2)NC1=N\C4=CC(O)=CC=C4,1.2,0.4585987261146497,1,
OSM-S-115,O=C(/C(S/1)=C/C2=C(C)N(C3=CC=CC=C3)C(C)=C2)NC1=N\C4=CC=C(O)C=C4,1.8,0.39171974522292996,1,
OSM-S-116,CC(N1C2=CC=C(F)C=C2)=C(C(OC(C)C(N)=O)=O)C=C1C,11.0,0.04777070063694268,0,
OSM-S-12,CC(N1C2=CC=CC=C2)=CC(C(O)=O)=C1C,0.0,0.9012738853503185,1,
OSM-S-123,NC1=C2C(C=C(C3=CC=CC=C3)S2)=NC=N1,5.91,0.22611464968152867,0,
OSM-S-13,CC1=CC=C(N2C(C)=C(C(O)=O)C=C2C)C=C1,0.0,0.9044585987261147,1,
OSM-S-136,BrC1=CC2=NC=NC(N3CCN(CC4=CC=C(F)C=C4)CC3)=C2S1,15.0,0.025477707006369428,0,
OSM-S-137,FC(C=C1)=CC=C1CN(CC2)CCN2C3=C4C(C=C(C5=CC=CC(S(N)(=O)=O)=C5)S4)=NC=N3,1.7,0.39490445859872614,1,
OSM-S-138,CC1=CC(/C=C(S/2)/C(NC2=N\C3=CC=CC=C3)=O)=C(C)N1C4=CC=C(N)C=C4,2.3,0.3471337579617834,1,
OSM-S-14,CC(N1C2=CC=C(C(F)(F)F)C=C2)=CC(C(O)=O)=C1C,0.0,0.9076433121019108,1,
OSM-S-16,O=C(NC1=C(C)N(C)N(C2=CC=CC=C2)C1=O)CNC(C3=CC=CC=C3)=O,0.0,0.910828025477707,1,
OSM-S-175,FC(OC1=CC=C(C2=NN=C3C=NC=C(N32)C(NC4=CC(C(F)(F)F)=NC=C4)=O)C=C1)F,0.2957,0.6910828025477707,1,
OSM-S-176,FC(F)OC(C=C1)=CC=C1C2=NN=C3C=NC=C(C(NCC4=CC(Cl)=CC=C4)=O)N32,0.25,0.7356687898089171,1,
OSM-S-178,FC(F)OC(C=C1)=CC=C1C2=NN=C3C=NC=C(C(NCC4=CC=C(Cl)C=C4)=O)N32,1.34,0.4394904458598726,1,
OSM-S-179,FC(F)OC(C=C1)=CC=C1C2=NN=C3C=NC=C(C(NCC4CCOCC4)=O)N32,10.0,0.050955414012738856,0,
OSM-S-180,FC(F)OC(C=C1)=CC=C1C2=NN=C3C=NC=C(C(N4CCN(C5=NC=CC=C5)CC4)=O)N32,10.0,0.054140127388535034,0,
OSM-S-181,FC(F)OC(C=C1)=CC=C1C2=NN=C3C=NC=C(C(NCCN4CCOCC4)=O)N32,10.0,0.05732484076433121,0,
OSM-S-182,FC(F)OC(C=C1)=CC=C1C2=NN=C3C=NC=C(C(N4CCCC4)=O)N32,10.0,0.06050955414012739,0,
OSM-S-183,FC(F)OC(C=C1)=CC=C1C2=NN=C3C=NC=C(C(N4CCCC4C5=CC=CC=C5)=O)N32,3.56,0.30254777070063693,0,
OSM-S-184,FC(F)OC(C=C1)=CC=C1C2=NN=C3C=NC=C(C(N4CCN(S(C)(=O)=O)CC4)=O)N32,10.0,0.06369426751592357,0,
OSM-S-185,FC(F)OC(C=C1)=CC=C1C2=NN=C3C=NC=C(C(N4CCOCC4)=O)N32,10.0,0.06687898089171974,0,
OSM-S-186,FC(F)OC(C=C1)=CC=C1C2=NN=C3C=NC=C(C(N[C@H](C)C4=CC=CC=C4)=O)N32,1.36,0.43630573248407645,1,
OSM-S-187,N#CC(C=C1)=CC=C1C2=NN=C3C=NC=C(OCCC4=CC=CC=C4)N32,0.534,0.5796178343949044,1,
OSM-S-189,N#CC(C=C1)=CC=C1C2=NN=C3C=NC=C(OCCC4=CC=CC=C4Cl)N32,0.309,0.678343949044586,1,
OSM-S-19,CC(N1C2=CC=C(F)C=C2)=CC(C(NCC(N)=O)=O)=C1C,0.0,0.9140127388535032,1,
OSM-S-194,C12=CC=CC=C1C3=C(C4(CCN(CC5=CC=CC=C5)CC4)OCC3)N2,1.033,0.4872611464968153,1,
OSM-S-201,O=C(NC1=C(C)C(Cl)=CC=C1)C2=CN=CC(N23)=NN=C3C4=CC=C(OC(F)F)C=C4,4.191,0.2643312101910828,0,>
OSM-S-202,FC(F)OC(C=C1)=CC=C1C2=NN=C3C=NC=C(C(NC4=CC=CC(Cl)=C4)=O)N32,0.211,0.7452229299363057,1,
OSM-S-204,O=C(NC1=C(F)C(Cl)=CC=C1)C2=CN=CC(N23)=NN=C3C4=CC=C(OC(F)F)C=C4,0.852,0.5063694267515924,1,
OSM-S-206,FC(F)OC(C=C1)=CC=C1C2=NN=C3C=NC=C(C(NC4=CC(C(F)(F)F)=CC(C(F)(F)F)=C4)=O)N32,0.309,0.6815286624203821,1,
OSM-S-208,FC(C=C1)=C(F)C=C1C(OC)COC2=CN=CC3=NN=C(C4=CC=C(C#N)C=C4)N32,0.207,0.7484076433121019,1,
OSM-S-21,FC1=CC=C(N2C(C)=CC(C(NCC(NC3=C(C)N(C)N(C4=CC=CC=C4)C3=O)=O)=O)=C2C)C=C1,15.5,0.022292993630573247,0,
OSM-S-218,FC(C=C1)=C(F)C=C1C(OC)COC2=CN=CC3=NN=C(C4=CC=C(C#N)C=C4)N32,0.4386666667,0.6178343949044586,1,
OSM-S-254,O=C(NC1=CC(Cl)=CC=C1C)C2=CN=CC(N23)=NN=C3C4=CC=C(OC(F)F)C=C4,0.6785,0.5445859872611465,1,
OSM-S-256,O=C(NC1=C(F)C(Cl)=CC=C1)C2=CN=CC(N23)=NN=C3C4=CC=C(OC)C=C4,5.66,0.22929936305732485,0,
OSM-S-257,O=C(NC1=CC(Cl)=CC=C1C)C2=CN=CC(N23)=NN=C3C4=CC=C(OC)C=C4,1.06,0.4745222929936306,1,
OSM-S-259,ClC(C=C1)=CC=C1C2=NN=C3C=NC=C(OCC4=CC=C(F)C(F)=C4)N32,0.452,0.6114649681528662,1,
OSM-S-260,FC1=C(F)C=CC(CCOC2=CN=CC3=NN=C(C4=CC=C(OC(F)F)C=C4)N32)=C1,0.281,0.7038216560509554,1,
OSM-S-265,N#CC(C=C1)=CC=C1C2=NN=C3N2C(OCC(OC)C4=CC=CC=C4)=CN=C3,0.285,0.697452229299363,1,
OSM-S-271,O=C(NC1=CC(Cl)=CC=C1)C2=CN=CC(N23)=NN=C3C4=CC=C(OC(F)(F)F)C=C4,0.234,0.7388535031847133,1,
OSM-S-272,FC1=C(F)C=CC(CCOC2=CN=CC3=NN=C(C4=CC=C(Cl)C=C4)N32)=C1,0.0905,0.821656050955414,1,
OSM-S-273,ClC(C=C1)=CC=C1C2=CN=C3C=NC=C(OCCC4=CC(F)=C(F)C=C4)N32,0.11,0.8057324840764332,1,
OSM-S-274,ClC(C=C1)=CC=C1C2=NC=C3C=NC=C(OCCC4=CC(F)=C(F)C=C4)N32,0.83,0.5191082802547771,1,
OSM-S-278,OC(C1=CC=CC=C1)COC2=CN=CC3=NN=C(C4=CN=C(C(F)(F)F)C=C4)N32,4.867,0.2515923566878981,0,
OSM-S-279,OC(C1=CC=CC=C1)COC2=CN=CC3=NN=C(C4=CC=C(OC(F)F)C=C4)N32,0.364,0.6592356687898089,1,
OSM-S-28,CC(N1C2=CC=CC=C2)=CC(C=O)=C1C,0.0,0.9171974522292994,1,
OSM-S-29,CC1=CC=C(N2C(C)=C(C=O)C=C2C)C=C1,0.0,0.9203821656050956,1,
OSM-S-293,ClC(C=C1)=CC=C1C2=NN=C3N2C(OCCC4=CC=CC=C4)=CN=C3,0.0574,0.8471337579617835,1,
OSM-S-294,C12=NN=C(C3=CC=CC=C3)N1C(OCCC4=CC=CC=C4)=CN=C2,1.5095,0.4267515923566879,1,
OSM-S-296,C12=NN=C(C3=CC(OCO4)=C4C=C3)N1C(OCCC5=CC=CC=C5)=CN=C2,1.014,0.49044585987261147,1,
OSM-S-297,C12=NN=C(C3=CC(C=CC=C4)=C4C=C3)N1C(OCCC5=CC=CC=C5)=CN=C2,0.415,0.6305732484076433,1,
OSM-S-3,O=C(C1=C(C)N(C2=CC=C(F)C=C2)C(C)=C1)OCC,12.18,0.03821656050955414,0,
OSM-S-30,CCOC(C1=C(C)N(C2=CC=C(C=C2)C)C(C)=C1)=O,0.0,0.9235668789808917,1,
OSM-S-31,O=C(C1=C(C)N(C2=CC=CC=C2)C(C)=C1)OCC,0.0,0.9267515923566879,1,
OSM-S-32,O=C(C1=C(C)N(C2=CC=C(C(F)(F)F)C=C2)C(C)=C1)OCC,0.0,0.9299363057324841,1,
OSM-S-346,FC(F)OC(C=C1)=CC=C1C2=NN=C3C=NC=C(OC(C)C4=CC=C(Cl)C(Cl)=C4)N32,0.702,0.5414012738853503,1,
OSM-S-347,FC(F)OC(C=C1)=CC=C1C2=NN=C3C=NC=C(OCC4=CC=C(Cl)C(Cl)=C4)N32,0.529,0.5828025477707006,1,
OSM-S-348,FC(F)OC(C=C1)=CC=C1C2=NN=C3C=NC=C(OCC4=CC=C(Cl)C=C4)N32,1.636,0.40445859872611467,1,
OSM-S-349,FC(C=C1)=C(F)C=C1C2=NN=C3C=NC=C(OCCC4=CC=CC=C4)N32,0.582,0.5668789808917197,1,
OSM-S-35,CC1=C(/C=C2S/C(NC\2=O)=N\C3=CC=CC=C3)C=C(C)N1C4=CC=CC=C4,0.011,0.8757961783439491,1,
OSM-S-350,ClC(C=C1)=C(Cl)C=C1C2=NN=C3C=NC=C(OCCC4=CC=CC=C4)N32,0.709,0.5382165605095541,1,
OSM-S-351,ClC1=CC(Cl)=C(C2=NN=C3C=NC=C(N32)OCCC4=CC=CC=C4)C=C1,0.259,0.7292993630573248,1,
OSM-S-352,FC(C=C1)=CC=C1C2=NN=C3C=NC=C(OCCC4=CC=CC=C4)N32,0.366,0.6560509554140127,1,
OSM-S-353,FC(F)OC(C=C1)=CC=C1C2=NN=C3C=NC=C(OCC(CO)C4=CC=CC=C4)N32,0.1035,0.8121019108280255,1,
OSM-S-366,FC(F)(F)C(C=C1)=NC=C1C2=NN=C3C=NC=C(OCCC4=CC(F)=C(F)C=C4)N32,0.39155,0.6337579617834395,1,
OSM-S-367,O=C(NC1=CC=C(Cl)C=C1)C2=CN=CC3=NN=C(C4=CC=C(OC(F)F)C=C4)N32,7.3955,0.19745222929936307,0,
OSM-S-368,FC(F)OC(C=C1)=CC=C1C2=NN=C3C=NC=C(OCC4=CC=CC=C4)N32,2.239,0.3535031847133758,1,
OSM-S-369,FC(F)OC(C=C1)=CC=C1C2=NN=C3C=NC=C(OCCC4=CC=CC=C4)N32,0.1685,0.7643312101910829,1,
OSM-S-37 ,CC1=C(/C=C2S/C(NC\2=O)=N\C3=CC=CC=C3)C=C(C)N1C4=CC=C(C)C=C4,0.09025,0.8248407643312102,1,
OSM-S-370,FC(F)OC(C=C1)=CC=C1C2=NN=C3C=NC=C(OCCCC45C6C7C4C8C5C6C87)N32,1.995,0.37579617834394907,1,
OSM-S-371,FC(F)OC(C=C1)=CC=C1C2=NN=C3C=NC=C(OCCC4(C56)C7C6C8C5C4C87)N32,0.372,0.6528662420382165,1,
OSM-S-376,OC(C1=CC(F)=C(F)C=C1)COC2=CN=CC3=NN=C(C4=CC=C(C#N)C=C4)N32,0.803,0.5286624203821656,1,
OSM-S-377,FC(C=C1)=C(F)C=C1C(OC(F)F)COC2=CN=CC3=NN=C(C4=CC=C(C#N)C=C4)N32,0.01668,0.8694267515923567,1,
OSM-S-379,FC(C(Cl)=C1)=CC=C1NC(C2=CN=CC3=NN=C(C4=CC=C(OC(F)F)C=C4)N32)=O,0.2945,0.6942675159235668,1,
OSM-S-38,CC1=CC(/C=C(C(N/2)=O)\SC2=N/C3=CC=CC=C3)=C(C)N1C(C=C4)=CC=C4C(F)(F)F,0.07866666667,0.8280254777070064,1,
OSM-S-380,FC(OC(C=C1)=CC=C1C2=NN=C3C=NC=C(CN4CC(C=CC=C5)=C5C4)N32)F,0.11,0.8089171974522293,1,
OSM-S-381,FC(F)OC(C=C1)=CC=C1C2=NN=C3C=NC=C(OCC(CO)C4=CC(F)=C(F)C=C4)N32,0.02432,0.8662420382165605,1,
OSM-S-383,FC(F)OC(C=C1)=CC=C1C2=NN=C3C=NC=C(OCCC4=CC(OC)=CC=C4)N32,0.135,0.7898089171974523,1,
OSM-S-384,FC(F)OC(C=C1)=CC=C1C2=NN=C3C=NC=C(OCCC4=CC=C(OC)C=C4)N32,0.928,0.5,1,
OSM-S-385,FC(F)OC(C=C1)=CC=C1C2=NN=C3C=NC=C(OC(C)C4=CC=C(F)C(F)=C4)N32,8.586,0.18152866242038215,0,
OSM-S-386,FC(F)OC(C=C1)=CC=C1C2=NN=C3C=NC=C(OC(C)C4=CC=C(C#N)C=C4)N32,4.801,0.25477707006369427,0,
OSM-S-389,FC1=C(C=CC(C(COC2=CN=CC3=NN=C(N32)C4=CC=C(OC(F)F)C=C4)N(C)C)=C1)F,0.189,0.7547770700636943,1,
OSM-S-39,CC1=C(/C=C2S/C(NC\2=O)=N\C3=CC=CC=C3)C=C(C)N1C4=CC(C(F)(F)F)=CC(C(F)(F)F)=C4,0.003,0.8789808917197452,1,
OSM-S-390,FC(OC1=CC=C(C2=NN=C3C=NC=C(N32)OCC(C4=CC(F)=C(C=C4)F)O)C=C1)F,0.099,0.8184713375796179,1,
OSM-S-391,IC(C=C1)=CC=C1C2=NN=C3C=NC=C(OCCC4=CC(F)=C(F)C=C4)N32,0.35,0.6656050955414012,1,
OSM-S-392,FC(F)OC(C=C1)=CC=C1C2=NN=C3C=NC=C(OCC(C4=CC(F)=C(F)C=C4)=O)N32,0.832,0.5159235668789809,1,
OSM-S-393,FC(F)OC(C=C1)=CC=C1C2=NN=C3C=NC=C(OCC(OC)(OC)C4=CC(F)=C(F)C=C4)N32,0.157,0.7738853503184714,1,
OSM-S-394,FS(F)(F)(F)(F)C(C=C1)=CC=C1C2=NN=C3C=NC=C(OCCC4=CC=CC=C4)N32,0.48,0.6019108280254777,1,
OSM-S-395,FC(F)OC(C=C1)=CC=C1C2=NN=C3C=NC=C(OCCC4(CC5C6)CC6C[C@@H](C5)C4)N32,2.15,0.35668789808917195,1,
OSM-S-396,FC(F)OC(C=C1)=CC=C1C2=NN=C3C=NC=C(OC(C)CC4=CC=CC=C4)N32,0.45,0.6146496815286624,1,
OSM-S-397,FC(F)OC(C=C1)=CC=C1C2=NN=C3C=NC=C(OCC45C[C@@H](C[C@@H](C5)C6)C[C@@H]6C4)N32,4.8,0.25796178343949044,0,
OSM-S-398,FC(F)OC(C=C1)=CC=C1C2=NN=C3C=NC=C(OCC4C[C@H]5C=C[C@@H]4C5)N32,0.486,0.5955414012738853,1,
OSM-S-399,CC1(C)[C@@H]2C[C@H]1C(CCOC3=CN=CC4=NN=C(C5=CC=C(OC(F)F)C=C5)N43)=CC2,1.28,0.445859872611465,1,
OSM-S-400,FC(F)OC(C=C1)=CC=C1C2=NN=C3C=NC=C(OCC(C4=CC=CC=C4)=O)N32,1.37,0.43312101910828027,1,
OSM-S-401,ClC(C=C1)=CC(Cl)=C1C2=NN=C3C=NC=C(OCC45C[C@@H](C[C@@H](C5)C6)C[C@@H]6C4)N32,8.0,0.1942675159235669,0,
OSM-S-402,ClC(C=C1)=CC=C1C2=NN=C3C=NC=C(OCC45C[C@@H](C[C@@H](C5)C6)C[C@@H]6C4)N32,2.53,0.34076433121019106,0,
OSM-S-403,CC1(C)[C@@H]2C[C@H]1C(CCOC3=CN=CC4=NN=C(C5=C(Cl)C=C(Cl)C=C5)N43)=CC2,8.24,0.1910828025477707,0,
OSM-S-404,CC1(C)[C@@H]2C[C@H]1C(CCOC3=CN=CC4=NN=C(C5=CC=C(Cl)C=C5)N43)=CC2,1.05,0.48089171974522293,1,
OSM-S-405,ClC(C=C1)=CC(Cl)=C1C2=NN=C3C=NC=C(OCC4C[C@H]5C=C[C@@H]4C5)N32,9.55,0.16560509554140126,0,
OSM-S-406,ClC(C=C1)=CC=C1C2=NN=C3C=NC=C(OCC4C[C@H]5C=C[C@@H]4C5)N32,0.62,0.554140127388535,1,
OSM-S-411,FC(F)OC(C=C1)=CC=C1C2=NN=C3C=NC=C(C(NC4=CC=[N+]([O-])C(C(F)(F)F)=C4)=O)N32,2.07,0.3630573248407643,1,
OSM-S-412,FC(F)OC(C=C1)=CC=C1C2=NN=C3C=NC=C(OCC(CO)C4=CC=C(O)C=C4)N32,4.12,0.2770700636942675,0,
OSM-S-414,FC(C=C1)=C(F)C=C1[C@H](OC)COC2=CN=CC3=NN=C(C4=CC=C(C#N)C=C4)N32,0.89,0.5031847133757962,1,
OSM-S-415,FC(C=C1)=C(F)C=C1CCOC2=CN=CC3=NN=C(C4=CC=CC=C4)N32,2.15,0.35987261146496813,1,
OSM-S-416,FC(C=C1)=C(F)C=C1C(OC)COC2=CN=CC3=NN=C(C4=CC=C(C#N)C=C4)N32,0.43,0.6242038216560509,1,
OSM-S-418,FC(OC1=CC=C(C2=NN=C3C=NC=C(N32)OCC[C]4[CH]BBBBBBBBBB4)C=C1)F,0.05,0.8503184713375797,1,
OSM-S-419,FC(F)OC(C=C1)=CC=C1C2=NN=C3C=NC=C(OCC(N4CCOCC4)C5=CC=CC=C5)N32,1.58,0.4171974522292994,1,
OSM-S-42,CC(N1C2=CC=C(C(F)(F)F)C=C2)=C(/C=C(C(N/3CC#N)=O)\SC3=N/C4=CC=CC=C4)C=C1C,0.0,0.9331210191082803,1,
OSM-S-423,FC(F)OC(C=C1)=CC=C1C2=NN=C3C=NC=C(OCC4(OCCO4)C5=CC(F)=C(F)C=C5)N32,0.667,0.5477707006369427,1,
OSM-S-424,FC(F)OC(C=C1)=CC=C1C2=NN=C3C=NC=C(OCC/C4=C/BBBBB[BH]5[BH]([H]5)BB4)N32.[Cs+],1.9,0.3853503184713376,1,
OSM-S-43,CC(N1C2=CC=C(C(F)(F)F)C=C2)=C(/C=C3SC(N(CC#N)C4=CC=CC=C4)=NC\3=O)C=C1C,1.56,0.42038216560509556,1,
OSM-S-431,FC(F)OC(C=C1)=CC=C1C2=NN=C3C=NC=C(OCC(N(CC)C)C4=CC(F)=C(F)C=C4)N32,8.85,0.17197452229299362,0,
OSM-S-433,FC(F)OC(C=C1)=CC=C1C2=NN=C3C=NC=C(OCCC4C5C6C7C4C8CC5C6C8C7)N32,1.08,0.4713375796178344,1,
OSM-S-442,FC(F)OC(C=C1)=CC=C1C2=NN=C3C=NC=C(OCCC4CC4)N32,3.03,0.321656050955414,0,
OSM-S-45,O=C(N=C(S/1)N(C(C)=O)C2=CC=CC=C2)C1=C\C3=C(C)N(C4=CC=C(C=C4)C(F)(F)F)C(C)=C3,0.01533333333,0.8726114649681529,1,
OSM-S-48,CCOC(C1=CC=C(N2C(C)=CC(/C=C(C(N/3)=O)\SC3=N/C4=CC=CC=C4)=C2C)C=C1)=O,0.2583333333,0.732484076433121,1,
OSM-S-486,FC(F)OC(C=C1)=CC=C1C2=NN=C3C=NC=C(OCC(CO)C4=CC=C(C(F)(F)F)C=C4)N32,1.15,0.46178343949044587,1,
OSM-S-49,O=C(N=C(S/1)N(C2=CC=CC=C2)C(C)=O)C1=C\C3=C(C)N(C4=CC=CC=C4)C(C)=C3,0.05866666667,0.8439490445859873,1,
OSM-S-496,FC1=CC(CCOC2=CN=CC3=NN=C(C4=CC=C(C(N(C)C)=O)C=C4)N32)=CC=C1F,3.69,0.29936305732484075,0,
OSM-S-5,FC1=CC=C(N2C(C)=CC(C(OCC(N)=O)=O)=C2C)C=C1,0.5222,0.5859872611464968,1,
OSM-S-50,O=C(N=C(S/1)N(C2=CC=CC=C2)C(C)=O)C1=C\C3=C(C)N(C4=CC=C(C)C=C4)C(C)=C3,0.169,0.7611464968152867,1,
OSM-S-51,CC1=C(/C=C2S/C(NC\2=O)=N\C3=CC=CC=C3)C=C(C)N1C4=NC=CC=C4,0.3745,0.6496815286624203,1,
OSM-S-515,FC(F)OC(C=C1)=CC=C1C2=NN=C3C=NC=C(OCC(C(O)=O)C4=CC=CC=C4)N32,3.88,0.28662420382165604,0,
OSM-S-516,FC(F)OC(C=C1)=CC=C1C2=NN=C3C=NC=C(OC4=CC=C(Cl)C=C4)N32,4.075,0.2802547770700637,0,
OSM-S-518,FC1=CC(CCOC2=CN=CC3=NN=C(N4CCC(F)(F)CC4)N32)=CC=C1F,1.51,0.42356687898089174,1,
OSM-S-519,FC1=CC(CCOC2=CN=CC3=NN=C(N4CCC(F)CC4)N32)=CC=C1F,8.46,0.18471337579617833,0,
OSM-S-52,CC(N1C2=CC=C(C(F)(F)F)C=C2)=CC(/C=C(C(N/3C4=CC=CC=C4)=O)\SC3=N/C5=CC=CC=C5)=C1C,0.3036666667,0.6878980891719745,1,
OSM-S-520,FC1=CC(CCOC2=CN=CC3=NN=C(N4CCC(C(F)(F)F)CC4)N32)=CC=C1F,2.75,0.33121019108280253,0,
OSM-S-526,FC1=CC(CCOC2=CN=CC3=NN=C(C4=CC=C(N)C=C4)N32)=CC=C1F,13.0,0.03503184713375796,0,
OSM-S-531,FC1=CC(CCOC2=CN=CC3=NN=C(C4=CC=C(N(C)C)C=C4)N32)=CC=C1F,5.53,0.23885350318471338,0,
OSM-S-532,FC(F)OC(C=C1)=CC=C1C2=NN=C3C=NC=C(OCC(CO)C4=CC=CC(OCC5=CC=CC=C5)=C4)N32,0.059,0.8407643312101911,1,
OSM-S-533,FC(F)OC(C=C1)=CC=C1C2=NN=C3C=NC=C(OCC(CO)C4=CC=CC(O)=C4)N32,0.382,0.6401273885350318,1,
OSM-S-535,FC(F)OC(C=C1)=CC=C1C2=NN=C3C=NC=C(OC[C@H](NC(OC(C)(C)C)=O)CC4=CC=CC=C4)N32,8.6,0.17834394904458598,0,
OSM-S-536,FC(F)OC(C=C1)=CC=C1C2=NN=C3C=NC=C(OC[C@H](N)CC4=CC=CC=C4)N32,17.0,0.01910828025477707,0,
OSM-S-537,FC(F)OC(C=C1)=CC=C1C2=NN=C3C=NC=C(OC[C@@H](NC(OC(C)(C)C)=O)CC4=CC=CC=C4)N32,10.0,0.07006369426751592,0,
OSM-S-538,FC(F)OC(C=C1)=CC=C1C2=NN=C3C=NC=C(OC[C@@H](N)CC4=CC=CC=C4)N32,2.3,0.3503184713375796,1,
OSM-S-539,FC(F)OC(C=C1)=CC=C1C2=NN=C3C=NC=C(OCC(CO)C4=CC=C(NC)C=C4)N32,11.52,0.041401273885350316,0,
OSM-S-54,CC(N1C2=CC=C(C(F)(F)F)C=C2)=C(/C=C(C(N/3C4CCCC4)=O)\SC3=N/C5=CC=CC=C5)C=C1C,0.2766666667,0.7197452229299363,1,
OSM-S-545,FC1=CC(CCOC2=CN=CC3=NN=C(C4=CC(N(C)C)=CC=C4)N32)=CC=C1F,7.0,0.20063694267515925,0,
OSM-S-546,FC1=CC(CCOC2=CN=CC3=NN=C(C4=CC=C5C(NN=C5)=C4)N32)=CC=C1F,0.434,0.6210191082802548,1,
OSM-S-547,FC1=CC(CCOC2=CN=CC3=NN=C(C4=C5C(NC=C5)=CC=C4)N23)=CC=C1F,4.9,0.2484076433121019,0,
OSM-S-548,FC1=CC(CCOC2=CN=CC3=NN=C(C4=CC=C(Cl)C(N)=C4)N32)=CC=C1F,0.045,0.856687898089172,1,
OSM-S-549,FC1=CC(CCOC2=CN=CC3=NN=C(C4=CC=CC(N)=C4)N32)=CC=C1F,2.8,0.3248407643312102,0,
OSM-S-55,O=C(N/C1=N/C2=CC=CC=C2)/C(S1)=C/C3=CC=CC=C3,0.0,0.9363057324840764,1,
OSM-S-550,FC1=CC(CCOC2=CN=CC3=NN=C(C4=CC=C(CC)C=C4)N23)=CC=C1F,0.144,0.7834394904458599,1,
OSM-S-553,FC1=CC(CCOC2=CN=CC3=NN=C(C4=CC=C([N+]([O-])=O)C=C4)N32)=CC=C1F,0.98,0.4968152866242038,1,
OSM-S-557,OCC(COC1=CN=CC2=NN=C(C3=CC=C4C(NC=C4)=C3)N21)C5=CC=CC=C5,0.069,0.8343949044585988,1,
OSM-S-559,FC(F)OC(C=C1)=CC=C1C2=NN=C3C=NC=C(OCC4(COC(C)(C)O4)C5=CC=C(F)C(F)=C5)N32,0.149,0.7770700636942676,1,
OSM-S-562,FC(F)OC(C=C1)=CC=C1C2=NN=C3C=NC=C(OCC4(COC(C)(C)O4)C5=CC=CC=C5)N32,0.337,0.6687898089171974,1,
OSM-S-563,FC(F)OC(C=C1)=CC=C1C2=NN=C3C(NCC4=CC=CC=C4)=NC=CN32,20.0,0.009554140127388535,0,
OSM-S-564,FC(OC1=CC=C(C2=NN=C3C=NC=C(N32)OCC[C]4BB[CH]BBBBBBBB4)C=C1)F,0.117,0.7993630573248408,1,
OSM-S-566,FC(F)OC(C=C1)=CC=C1C2=NN=C3C=NC=C(OCCC4=CC=C(OCC5=CC=CC=C5)C=C4)N32,3.849,0.2898089171974522,0,
OSM-S-567,FC(F)OC(C=C1)=CC=C1C2=NN=C3C=NC=C(OCCC4=CC=CC(OCC5=CC=CC=C5)=C4)N32,0.147,0.7802547770700637,1,
OSM-S-57,O=C(OCC(N)=O)C1=C(C)N(N=C1)C2=CC=CC=C2,0.0,0.9394904458598726,1,
OSM-S-570,FC(F)OC(C=C1)=CC=C1C2=NN=C3C(SCC4=CC=CC=C4)=NC=CN32,5.62,0.23248407643312102,0,
OSM-S-571,FC(F)OC(C=C1)=CC=C1C2=NN=C3C=NC=C(SCCC4=CC=CC=C4)N32,1.05,0.4840764331210191,1,
OSM-S-572,CC(OC(N(CC1)CCC1C2=NN=C3C=NC=C(OCCC4=CC=CC=C4)N32)=O)(C)C,14.5,0.03184713375796178,0,
OSM-S-578,FC(F)OC(C=C1)=CC=C1C2=NN=C3C=NC=C(OCCCC4=CC=CC=C4)N32,1.32,0.4426751592356688,1,
OSM-S-58,FC(C=C1)=CC=C1N2C(C)=C(CNCC(N)=O)C=C2C,0.0,0.9426751592356688,1,
OSM-S-580,FC(F)OC(C=C1)=CC=C1C2=NN=C3C=NC=C(OCCOC4=CC=CC=C4)N32,1.21,0.44904458598726116,1,
OSM-S-582,FC1=CC(CCOC2=CN=CC3=NN=C(C4=CC5=C(C=C4)C=CN5C)N32)=CC=C1F,0.375,0.6464968152866242,1,
OSM-S-584,FC1=CC(CCOC2=CN=CC3=NN=C(C4=CC5=C(C=C4)CCN5)N32)=CC=C1F,1.01,0.49363057324840764,1,
OSM-S-585,FC1=CC(CCOC2=CN=CC3=NN=C(C4=CC=C(F)C(N)=C4)N32)=CC=C1F,0.813,0.5254777070063694,1,
OSM-S-59,FC(C=C1)=CC=C1N2C(C)=C(C(N(C)CC(N)=O)=O)C=C2C,0.0,0.945859872611465,1,
OSM-S-590,O=C(NCCN1CCCCC1)N(CCC2)CCN2C3=C4C(C=C(C5=CC=CC=C5)S4)=NC=N3,0.231,0.7420382165605095,1,
OSM-S-6,CC(N1C2=CC=C(F)C=C2)=CC(C(OCC(NC(C3=O)=C(N(N3C4=CC=CC=C4)C)C)=O)=O)=C1C,0.28225,0.7006369426751592,1,
OSM-S-60,FC(C=C1)=CC=C1N2C(C)=C(CN(C)CC(N)=O)C=C2C,0.0,0.9490445859872612,1,
OSM-S-61,FC(C=C1)=CC=C1N2C(C)=C(C(NC(CO)C(OC)=O)=O)C=C2C,0.0,0.9522292993630573,1,
OSM-S-62,FC(C=C1)=CC=C1N2C(C)=C(C3=NC(C(OC)=O)=CO3)C=C2C,0.0,0.9554140127388535,1,
OSM-S-68,FC(C=C1)=CC=C1N2C(C)=C(C(OC(C)(C)C(N)=O)=O)C=C2C,0.0,0.9585987261146497,1,
OSM-S-7,FC1=CC=C(N2C(C)=CC(C(N(C(NC3CCCCC3)=O)C4CCCCC4)=O)=C2C)C=C1,4.133333333,0.27070063694267515,0,
OSM-S-74,COC(C=C1)=CC=C1C2=CC3=NC=NC(NCC4=CC=C(S(NC)(=O)=O)S4)=C3S2,17.6,0.01592356687898089,0,
OSM-S-8,FC1=CC=C(N2C(C)=CC(C(NC3=C(C)N(C)N(C4=CC=CC=C4)C3=O)=O)=C2C)C=C1,0.0,0.9617834394904459,1,
OSM-S-81,CC1=CC(=C(C)[N]1C2=CC=CC=C2)C(=NCC(N(C)C)=O)O,0.0,0.964968152866242,1,
OSM-S-82,CC1=CC(=C(C)[N]1C2=CC=C(C=C2)F)C(=O)OCC(=NC)O,9.4,0.16878980891719744,0,
OSM-S-83,CC1=CC(=C(C)[N]1C2=CC=CC=C2)C(N3CCN=C(C3)O)=O,0.0,0.9681528662420382,1,
OSM-S-85,CC1=CC(=C(C)[N]1C2=CC=CC=C2)C3=NN=C(O3)SCC(=NC4=CC(=CC=C4)OC)O,0.0,0.9713375796178344,1,
OSM-S-86,CCN(CC(=NC1=C(C=CC=C1F)F)O)C(C2=C(C)[N](C(=C2)C)C3=CC=C(C=C3)F)=O,0.0,0.9745222929936306,1,
OSM-S-87,CC1=CC(=CC=C1)[N]2C(=CC(=C2C)C(N(C)CC(N=C3C=C(C)ON3)=O)=O)C,0.0,0.9777070063694268,1,
OSM-S-88,CC1=CC(=C(C)[N]1C2=CC=C(C=C2)Cl)CNC3CCN(CC3)CC(=NC)O,14.7,0.028662420382165606,0,
OSM-S-89,CCN=C([C@@H]1C[C@H](CN1CC2=C(C)[N](C(=C2)C)C3=CC=CC=C3Cl)N)O,24.7,0.006369426751592357,0,
OSM-S-9,FC1=CC=C(C=C1)N2C(C)=CC(/C=C(SC(N(C3=CC=CC=C3)C(C)=O)=N4)/C4=O)=C2C,0.04575,0.8535031847133758,1,
OSM-S-90,CCC1=CC=C(C=C1)[N]2C(=CC(=C2C)CN3CCC(CC3)C(=O)O)C,0.0,0.9808917197452229,1,
OSM-S-91,CC1=CC(=C(C)[N]1C2=CC=C(C=C2)F)C(=O)OCC(N(C)C)=O,11.3,0.044585987261146494,0,
OSM-S-92,FC(C=C1)=CC=C1N2C=C(C(OCC(N)=O)=O)C=N2,0.0,0.9840764331210191,1,
OSM-S-93,FC(C=C1)=CC=C1N2C(C)=C(C(N(C)C)=O)C=C2C,0.0,0.9872611464968153,1,
OSM-S-95,FC(C=C1)=CC=C1N2C(C)=CC(CNC3CCN(CC4=CC=CC=C4)CC3)=C2C,4.8,0.2611464968152866,0,
OSM-S-96,FC1=CC=C(N2N=CC(C3=NC(C(OC)=O)=CO3)=C2C)C=C1,0.0,0.9904458598726115,1,
OSM-S-97,FC1=CC=C(N2C(C)=CC(C(CCC(O)=O)=O)=C2C)C=C1,0.0,0.9936305732484076,1,
OSM-S-98,FC1=CC=C(N2C(C)=CC(C(CCC(N(C)C)=O)=O)=C2C)C=C1,0.0,0.9968152866242038,1,
OSM-S-99,FC1=CC=C(N2C(C)=CC(C(OC(C)C(OCC)=O)=O)=C2C)C=C1,0.0,1.0,1,
OSM-W-10,FC1=CC=C(CCOC2=CN=CC3=NN=C([N]23)C4=CC=C(Cl)C=C4)C=C1,0.141,0.7866242038216561,1,
OSM-W-3,FC(C=C1)=CC=C1CCOC2=CN=CC3=NN=C(C4=CC=C(S(C)(=O)=O)C=C4)N32,2.795,0.32802547770700635,0,
OSM-W-4,[H]N(C1=NN=C(C2=CC=CC=C2)S1)C3=NC(OCCC4=CC=C(F)C=C4)=CN=C3,100.0,0.0031847133757961785,0,>
OSM-W-5,FC(C(F)=C1)=CC=C1CCOC2=CN=CC3=NN=C(C4=CC=C(S(C)(=O)=O)C=C4)N32,1.092,0.4681528662420382,1,
OSM-W-6,O=C(CC1=CC=C(F)C(F)=C1)NC2=CN=CC3=NN=C(C4=CC=C(C#N)C=C4)N32,4.1745,0.267515923566879,0,
OSM-W-7,O=C(CCC1=CC(F)=C(F)C=C1)NC2=CN=CC3=NN=C(C4=CC=C(C#N)C=C4)N32,10.0,0.0732484076433121,0,>
OSM-W-8,FC1=CC=C(CCOC2=CN=CC3=NN=C([N]23)C4=CC=C(C=C4)C#N)C=C1,0.8175,0.5222929936305732,1,
OSM-W-9,FC1=CC=C(C=C1F)CCOC2=CN=CC3=NN=C(C4=CC=C(C#N)C=C4)N23,0.279,0.7133757961783439,1,
OSM-X-001,FC(F)OC(C=C1)=CC=C1C2=NN=C3C=NC(OCCC4=CC=C(F)C(F)=C4)=CN32,0.03382,0.8630573248407644,1,
OSM-X-002,FC(F)OC(C=C1)=CC=C1C2=NN=C3C=NC=C(OC[C@H](N(C)C)C4=CC(F)=C(F)C=C4)N32,0.04408,0.8598726114649682,1,
OSM-X-003,FC(F)OC(C=C1)=CC=C1C2=NN=C3C=NC=C(OCC(F)C4=CC=C(F)C(F)=C4)N32,0.06536,0.8375796178343949,1,
OSM-X-004,FC(F)OC(C=C1)=CC=C1C2=NN=C3C=NC=C(OCC(C)(O)C4=CC(F)=C(F)C=C4)N32,0.1012,0.8152866242038217,1,
OSM-X-005,FC(F)OC(C=C1)=CC=C1C2=NN=C3C=NC=C(OC4=CC(C=CC=C5)=C5C=C4)N32,0.1147,0.802547770700637,1,
OSM-X-006,FC(F)OC(C=C1)=CC=C1C2=NN=C3C=NC=C(OCC(C)(F)C4=CC(F)=C(F)C=C4)N32,0.1228,0.7929936305732485,1,
OSM-X-007,FC(F)OC(C=C1)=CC=C1C2=NN=C3C(Cl)=NC=C(OCCC4=CC(F)=C(F)C=C4)N32,0.16,0.7707006369426752,1,
OSM-X-008,FC(F)OC(C=C1)=CC=C1C2=NN=C3C=NC=C(OC4=CC=C(C(F)=CC(F)=C5)C5=C4)N32,0.1734,0.7579617834394905,1,
OSM-X-009,FC(F)OC(C=C1)=CC=C1C2=NN=C3C=NC=C(OC4=CC=C(S(F)(F)(F)(F)F)C=C4)N32,0.2627,0.7229299363057324,1,
OSM-X-010,FC(F)OC(C=C1)=CC=C1C2=NN=C3C=NC=C(OC[C@H](N)C4=CC(F)=C(F)C=C4)N32,0.2785,0.7165605095541401,1,
OSM-X-011,FC(F)OC(C=C1)=CC=C1C2=NN=C3C=NC=C(CCCC4=CC=CC=C4)N32,0.28,0.7070063694267515,1,
OSM-X-012,FC(F)OC(C=C1)=CC=C1C2=NN=C3C=NC=C(C(NCC4=CC(F)=C(F)C=C4)=O)N32,0.28,0.7101910828025477,1,
OSM-X-013,FC(F)OC(C=C1)=CC=C1C2=NN=C3C=NC=C(C(NCC4=C(Cl)C(C(F)(F)F)=CC=C4)=O)N32,0.309,0.6847133757961783,1,
OSM-X-014,FC(F)OC(C=C1)=CC=C1C2=NN=C3C=NC=C(CCCC4=CC(F)=C(F)C=C4)N32,0.32,0.6751592356687898,1,
OSM-X-015,FC(F)OC(C=C1)=CC=C1C2=NN=C3C=NC=C(C(NCC4=C(Cl)C=CC(Cl)=C4)=O)N32,0.3321,0.6719745222929936,1,
OSM-X-016,FC(F)OC(C=C1)=CC=C1C2=NN=C3C=NC=C(COCC4=CC(F)=C(F)C=C4)N32,0.36,0.6624203821656051,1,
OSM-X-017,FC(F)OC(C=C1)=CC=C1C2=NN=C3C=NC=C(C(NCC4=C(Cl)C=CC=C4)=O)N32,0.38,0.643312101910828,1,
OSM-X-018,FC(F)OC(C=C1)=CC=C1C2=NN=C3C=NC=C(OC4=CC=C(C(F)(F)F)C=C4)N32,0.3829,0.6369426751592356,1,
OSM-X-019,FC(F)OC(C=C1)=CC=C1C2=NN=C3C=NC=C(OC4CN(C5=CC(F)=C(F)C=C5)C4)N32,0.43,0.6273885350318471,1,
OSM-X-020,FC(F)OC(C=C1)=CC=C1C2=NN=C3C=NC=C(OC4=CC(Cl)=C(Cl)C=C4)N32,0.4551,0.60828025477707,1,
OSM-X-021,FC(C=C1)=C(F)C=C1CCOC2=CN=CC3=NN=C(N4CC(C=CC=C5)=C5C4)N32,0.47,0.6050955414012739,1,
OSM-X-022,FC(F)OC(C=C1)=CC=C1C2=NN=C3C=NC=C(OCC4(COC4)C5=CC(F)=C(F)C=C5)N32,0.4833,0.5987261146496815,1,
OSM-X-023,FC(F)OC(C=C1)=CC=C1C2=NN=C3C=CC(NCCC4=CC=C(F)C=C4)=NN32,0.5096,0.5923566878980892,1,
OSM-X-024,FC(F)OC(C=C1)=CC=C1C2=NN=C3C=NC(OCC4=CC(F)=C(F)C=C4)=CN32,0.5207,0.589171974522293,1,
OSM-X-025,FC(F)OC(C=C1)=CC=C1C2=NN=C3C=NC=C(C(NC4CCC5=C4C=CC(Cl)=C5)=O)N32,0.5468,0.5764331210191083,1,
OSM-X-026,FC(F)OC(C=C1)=CC=C1C2=NN=C3C=NC=C(N[C@H](C4=CC=C(F)C(F)=C4)CO)N32,0.5697,0.5732484076433121,1,
OSM-X-027,FC(F)OC(C=C1)=CC=C1C2=NN=C3C=NC=C(OC4=CC=C(C=CS5)C5=C4)N32,0.5764,0.5700636942675159,1,
OSM-X-028,FC(F)OC(C=C1)=CC=C1C2=NN=C3C=NC=C(OC4=CC(C(F)(F)F)=C(Cl)C=C4)N32,0.5973,0.5636942675159236,1,
OSM-X-029,FC(F)OC1=CC=C(C=C1)C2=NN=C3N2C(O[C@H]4CN(C5CC5)[C@H]4C6=CC=C(F)C(F)=C6)=CN=C3,0.6095,0.5605095541401274,1,
OSM-X-030,FC(F)OC(C=C1)=CC=C1C2=NN=C3C=NC=C(OCC(N4CCOCC4)C5=CC(F)=C(F)C=C5)N32,0.6133,0.5573248407643312,1,
OSM-X-031,FC(F)OC(C=C1)=CC=C1C2=NN=C3C=NC=C(C(NC4=CC=C(F)C(F)=C4)=O)N32,0.65,0.5509554140127388,1,
OSM-X-032,FC(F)OC(C=C1)=CC=C1C2=NN=C3C=NC=C(O[C@H]4CN(C5CC5)[C@@H]4C6=CC(F)=C(F)C=C6)N32,0.7308,0.535031847133758,1,
OSM-X-033,FC(F)OC(C=C1)=CC=C1C2=NN=C3C=NC=C(OC4=CC=C(C(C)(C)C)C=C4)N32,0.738,0.5318471337579618,1,
OSM-X-034,FC(F)OC(C=C1)=CC=C1C2=NN=C3C=NC=C(OC4=CC=C(C=C(F)C(F)=C5)C5=C4)N32,0.8392,0.5127388535031847,1,
OSM-X-035,FC1=CC(NC2=NN=C3C=NC=C(OCCC4=CC(F)=C(F)C=C4)N32)=CC=C1F,0.85,0.5095541401273885,1,
OSM-X-036,FC(F)OC(C=C1)=CC=C1C2=NN=C3C=NC=C(C(N(C)CC4=CC(Cl)=CC=C4)=O)N32,1.06,0.47770700636942676,1,
OSM-X-037,FC(F)OC1=CC=C(C=C1)C2=NN=C3N2C(O[C@H]4C(N(C5CC5)[C@H]4C6=CC=C(F)C(F)=C6)=O)=CN=C3,1.121,0.46496815286624205,1,
OSM-X-038,FC(F)OC(C=C1)=CC=C1C2=NN=C3C=NC=C(OCC4CCC5=C4C=CC(Cl)=C5)N32,1.459,0.4299363057324841,1,
OSM-X-039,FC(F)OC(C=C1)=CC=C1C2=NN=C3C=NC=C(OC4=CC(N=C(C(F)(F)F)C=C5)=C5C=C4)N32,1.629,0.40764331210191085,1,
OSM-X-040,FC(F)OC(C=C1)=CC=C1C2=NN=C3C=NC=C(OCC4=CC=CC5=C4C=CC=C5)N32,1.668,0.4012738853503185,1,
OSM-X-041,FC(F)OC(C=C1)=CC=C1C2=NN=C3C=NC=C(OC4=CC5=NC(OC)=CC=C5C=C4)N32,1.67,0.3980891719745223,1,
OSM-X-042,FC(F)OC(C=C1)=CC=C1C2=NN=C3C=NC=C(OC4=CC=C(C(C)=CC(C)(C)O5)C5=C4)N32,1.822,0.3885350318471338,1,
OSM-X-043,FC(F)OC(C=C1)=CC=C1C2=NN=C3C=NC=C(OC4=CC=C(C(C)=NO5)C5=C4)N32,1.928,0.3821656050955414,1,
OSM-X-044,FC(F)OC(C=C1)=CC=C1C2=NN=C3C=NC=C(OC4=CC=C(N(C)C=C5)C5=C4)N32,1.983,0.37898089171974525,1,
OSM-X-045,FC(F)OC(C=C1)=CC=C1C2=NN=C3C=NC=C(N4CCC(C5=CC=CC=C5)C4)N32,2.0,0.37261146496815284,1,
OSM-X-046,FC(F)OC(C=C1)=CC=C1C2=NN=C3C=NC=C(OC4=CC=C(N=C(C(F)(F)F)N=C5)C5=C4)N32,2.025,0.36942675159235666,1,
OSM-X-047,FC1=C(F)C=CC(CCOC2=CN=CC3=NN=C(N4CCC5=C4C=CC(F)=C5)N32)=C1,2.05,0.3662420382165605,1,
OSM-X-048,FC(F)OC(C=C1)=CC=C1C2=NN=C3C=NC=C(OC4=CC(CCCC5)=C5C=C4)N32,2.581,0.3375796178343949,0,
OSM-X-049,FC(C=C1)=C(F)C=C1CCOC2=CN=CC3=NN=C(N4CCCCC4)N32,2.63,0.3343949044585987,0,
OSM-X-050,FC(F)OC(C=C1)=CC=C1C2=NN=C3C=NC=C(OC4=CC=CC(Cl)=C4)N32,3.066,0.3184713375796178,0,
OSM-X-051,FC(F)OC(C=C1)=CC=C1C2=NN=C3C=NC=C(C(NCCC4=CC=CC=C4)=O)N32,3.17,0.31528662420382164,0,
OSM-X-052,FC(F)OC(C=C1)=CC=C1C2=NN=C3C=NC(OC4=CC(F)=C(F)C=C4)=CN32,3.446,0.3089171974522293,0,
OSM-X-053,FC(F)OC(C=C1)=CC=C1C2=NN=C3C=NC=C(C(NC4=CC=C(F)C=C4)=O)N32,3.74,0.2929936305732484,0,
OSM-X-054,FC(F)OC(C=C1)=CC=C1C2=NN=C3C=[N+]([O-])C=C(OCCC4=CC(F)=C(F)C=C4)N32,4.01,0.28343949044585987,0,
OSM-X-055,FC(F)OC(C=C1)=CC=C1C2=NN=C3C(NC=C(OCCC4=CC(F)=C(F)C=C4)N32)=O,4.13,0.27388535031847133,0,
OSM-X-056,FC(F)OC(C=C1)=CC=C1C2=NN=C3C=NC=C(N4CC(OC5=CC(F)=C(F)C=C5)C4)N32,4.96,0.24522292993630573,0,
OSM-X-057,FC(F)OC(C=C1)=CC=C1C2=NN=C3C=NC=C(C(NC4=CC=C(F)C=C4Cl)=O)N32,5.576,0.2356687898089172,0,
OSM-X-058,FC(F)OC(C=C1)=CC=C1C2=NN=C3C=NC=C(OC4=CC=CC(OC5=CC=CC=N5)=C4)N32,6.038,0.2229299363057325,0,
OSM-X-059,FC(F)OC(C=C1)=CC=C1C2=NN=C3C=NC=C(OC4=CC5=NN(C)C=C5C=C4)N32,6.203,0.2197452229299363,0,
OSM-X-060,FC(F)OC(C=C1)=CC=C1C2=NN=C3C=NC=C(N4N=CC(C5=CC(F)=C(F)C=C5)=C4)N32,6.721,0.21656050955414013,0,
OSM-X-061,FC(F)OC(C=C1)=CC=C1C2=NN=C3C=CC(OCCC4=CC=C(F)C(F)=C4)=NN32,6.779,0.21337579617834396,0,
OSM-X-062,FC(F)OC(C=C1)=CC=C1C2=NN=C3C(N(CC)CC)=NC=C(OCCC4=CC(F)=C(F)C=C4)N32,6.86,0.2070063694267516,0,
OSM-X-063,FC(F)OC(C=C1)=CC=C1C2=NN=C3C(C)=NC=C(OCCC4=CC(F)=C(F)C=C4)N32,6.92,0.20382165605095542,0,
OSM-X-064,FC(F)OC(C=C1)=CC=C1C2=NN=C3CNCC(CCO)N32,8.37,0.18789808917197454,0,
OSM-X-065,FC(F)OC(C=C1)=CC=C1C2=NN=C3CNCC(CCCC4=CC=CC=C4)N32,8.76,0.1751592356687898,0,
OSM-X-066,FC(F)OC(C=C1)=CC=C1C2=NN=C3C=NC=C(NC4=CC=C(Cl)C(Cl)=C4)N32,9.635,0.1624203821656051,0,
OSM-X-067,FC(F)OC(C=C1)=CC=C1C2=NN=C3C=NC=C(OC[C@H](NC)C4=CC(F)=C(F)C=C4)N32,10.0,0.07643312101910828,0,
OSM-X-068,FC(F)OC(C=C1)=CC=C1C2=NN=C3C=NC(O[C@@H]4C(N(C5CC5)[C@@H]4C6=CC=C(F)C(F)=C6)=O)=CN32,10.0,0.07961783439490445,0,
OSM-X-069,FC(F)OC(C=C1)=CC=C1C2=NN=C3C=NC=C(CNC(C4=CC(Cl)=CC=C4)=O)N32,10.0,0.08280254777070063,0,
OSM-X-070,FC(F)OC(C=C1)=CC=C1C2=NN=C3C=NC=C(OC(C(F)(F)F)C4(CC4)C5=CC(F)=C(F)C=C5)N32,10.0,0.08598726114649681,0,
OSM-X-071,N#CC(C=C1)=CC=C1C2=NN=C3C=CC(NCCC4=CC=CN=C4)=NN32,10.0,0.08917197452229299,0,
OSM-X-072,FC(F)OC(C=C1)=CC=C1C2=NN=C3C=NC=C(CCN4CCOCC4)N32,10.0,0.09235668789808917,0,
OSM-X-073,FC(F)OC(C=C1)=CC=C1C2=NN=C3C=NC(NC(CC4=CC(Cl)=CC=C4)=O)=CN32,10.0,0.09554140127388536,0,
OSM-X-074,FC(F)OC(C=C1)=CC=C1C2=NN=C3C=NC(NC4=CC(F)=C(F)C=C4)=CN32,10.0,0.09872611464968153,0,
OSM-X-075,FC(F)OC(C=C1)=CC=C1C2=NN=C3C=NC(NCC4=CC(F)=C(F)C=C4)=CN32,10.0,0.10191082802547771,0,
OSM-X-076,FC(F)OC(C=C1)=CC=C1C2=NN=C3C=NC(NCCC4=CC=C(F)C=C4)=CN32,10.0,0.10509554140127389,0,
OSM-X-077,FC(F)OC(C=C1)=CC=C1C2=NN=C3CN(C(CN)=O)CCN32,10.0,0.10828025477707007,0,
OSM-X-078,FC(F)OC(C=C1)=CC=C1C2=NN=C3C(N)=NC=C(OCCC4=CC(F)=C(F)C=C4)N32,10.0,0.11146496815286625,0,
OSM-X-079,FC(F)OC(C=C1)=CC=C1C2=NN=C3CNCCN32,10.0,0.11464968152866242,0,
OSM-X-080,FC(F)OC(C=C1)=CC=C1C2=NN=C3C=NC=C(C(N4C(C=CC(F)=C5)=C5CC4)=O)N32,10.0,0.1178343949044586,0,
OSM-X-081,O=C(NC1=CC=NC(C(F)(F)F)=C1)C2=CN=CC3=NN=C(C4=C(C)N(C5=CC=C(F)C=C5)N=C4C)N32,10.0,0.12101910828025478,0,
OSM-X-082,FC(F)OC(C=C1)=CC=C1C2=NN=C3C=NC=C(C(NC4=CC=CC=N4)=O)N32,10.0,0.12420382165605096,0,
OSM-X-083,FC(F)OC(C=C1)=CC=C1C2=NN=C3C=NC=C(CCN4CC(C=CC=C5)=C5C4)N32,10.0,0.12738853503184713,0,
OSM-X-084,FC(F)OC(C=C1)=CC=C1C2=NN=C3C=NC=C(CCO)N32,10.0,0.1305732484076433,0,
OSM-X-085,FC(F)OC(C=C1)=CC=C1C2=NN=C3C=NC=C(N4C=CN=C4CC5=CC=C(F)C(F)=C5)N32,10.0,0.1337579617834395,0,
OSM-X-086,ClC(C(Cl)=C1)=CC=C1OC2=CN=CC3=NN=C(C4=C(C)N(C5=CC=C(F)C=C5)N=C4C)N32,10.0,0.13694267515923567,0,
OSM-X-087,FC(F)OC(C=C1)=CC=C1C2=NN=C3C=NC=C(OC4=CC=C(C=NN5C)C5=C4)N32,10.0,0.14012738853503184,0,
OSM-X-088,FC(C=C1)=CC=C1N(N=C2C)C(C)=C2C3=NN=C4C=NC=C(OCC(F)(F)F)N43,10.0,0.14331210191082802,0,
OSM-X-089,FC(F)OC(C=C1)=CC=C1C2=NN=C3C=NC=C(OCC(F)(F)F)N32,10.0,0.1464968152866242,0,
OSM-X-090,FC(C=C1)=C(F)C=C1CCOC2=CN=CC3=NN=C(C4CCN(C(C)=O)CC4)N32,10.0,0.14968152866242038,0,
OSM-X-091,FC(C=C1)=C(F)C=C1CCOC2=CN=CC3=NN=C(C4CCOCC4)N32,10.0,0.15286624203821655,0,
OSM-X-092,FC(F)OC(C=C1)=CC=C1C2=NN=C3C=NC=C(NS(CC4=CC=C(C(F)(F)F)C=C4)(=O)=O)N32,10.0,0.15605095541401273,0,
OSM-X-093,FC(F)OC(C=C1)=CC=C1C2=NN=C3C=NC=C(N4CC(C5=CC=CC=C5)C4)N32,10.0,0.1592356687898089,0,
OSM-X-094,O=C(N[C@@H](C)C1=CC=CC=C1)C2=CN=CC3=NN=C(C4=CC=C(OC(F)F)C=C4)N23,1.6,0.4140127388535032,1,
